{
    "micro_IoU": 0.779737409367039,
    "micro_Precision": 0.8762387139396609,
    "micro_Recall": 0.8762387139396609,
    "micro_F1-score": 0.8762387139396609,
    "MACRO_IoU": 0.7441764467333112,
    "MACRO_Precision": 0.8843600131183773,
    "MACRO_Recall": 0.8252368775287665,
    "MACRO_F1-score": 0.8484008469694955,
    "Accuracy": 0.8762387139396609
}