{
    "micro_IoU": 0.8200400801603206,
    "micro_Precision": 0.9011231006386259,
    "micro_Recall": 0.9011231006386259,
    "micro_F1-score": 0.9011231006386259,
    "MACRO_IoU": 0.811504399489955,
    "MACRO_Precision": 0.9086159086381329,
    "MACRO_Recall": 0.882710365886907,
    "MACRO_F1-score": 0.8946119867918186,
    "Accuracy": 0.9011231006386259
}