{
    "micro_IoU": 0.8321565462981642,
    "micro_Precision": 0.9083902224179696,
    "micro_Recall": 0.9083902224179696,
    "micro_F1-score": 0.9083902224179696,
    "MACRO_IoU": 0.804492356649265,
    "MACRO_Precision": 0.8915906299645324,
    "MACRO_Recall": 0.8953545261844962,
    "MACRO_F1-score": 0.8906338855309348,
    "Accuracy": 0.9083902224179696
}