{
    "micro_IoU": 0.8894070619586942,
    "micro_Precision": 0.9414668547249647,
    "micro_Recall": 0.9414668547249647,
    "micro_F1-score": 0.9414668547249647,
    "MACRO_IoU": 0.8602943409247757,
    "MACRO_Precision": 0.9313619953620744,
    "MACRO_Recall": 0.9162206635490568,
    "MACRO_F1-score": 0.9228645410436066,
    "Accuracy": 0.9414668547249647
}