{
    "micro_IoU": 0.7319794050343249,
    "micro_Precision": 0.845251857968621,
    "micro_Recall": 0.845251857968621,
    "micro_F1-score": 0.845251857968621,
    "MACRO_IoU": 0.7252118820907457,
    "MACRO_Precision": 0.859315942989401,
    "MACRO_Recall": 0.8244846898099003,
    "MACRO_F1-score": 0.8395178355508297,
    "Accuracy": 0.845251857968621
}