{
    "micro_IoU": 0.833636180092873,
    "micro_Precision": 0.9092710856639507,
    "micro_Recall": 0.9092710856639507,
    "micro_F1-score": 0.9092710856639507,
    "MACRO_IoU": 0.8325122794461046,
    "MACRO_Precision": 0.9109909220894283,
    "MACRO_Recall": 0.9030931748192044,
    "MACRO_F1-score": 0.9066763981168577,
    "Accuracy": 0.9092710856639507
}