{
    "micro_IoU": 0.8816489361702128,
    "micro_Precision": 0.9371024734982332,
    "micro_Recall": 0.9371024734982332,
    "micro_F1-score": 0.9371024734982332,
    "MACRO_IoU": 0.8533458986481823,
    "MACRO_Precision": 0.9278946464168839,
    "MACRO_Recall": 0.9113160965341262,
    "MACRO_F1-score": 0.9189963096776532,
    "Accuracy": 0.9371024734982332
}