{
    "micro_IoU": 0.9038591740013541,
    "micro_Precision": 0.94950213371266,
    "micro_Recall": 0.94950213371266,
    "micro_F1-score": 0.94950213371266,
    "MACRO_IoU": 0.8854331153017978,
    "MACRO_Precision": 0.9501526698427905,
    "MACRO_Recall": 0.9289415667987095,
    "MACRO_F1-score": 0.9387987522774334,
    "Accuracy": 0.94950213371266
}