{
    "micro_IoU": 0.7770545158665582,
    "micro_Precision": 0.8745421245421245,
    "micro_Recall": 0.8745421245421245,
    "micro_F1-score": 0.8745421245421245,
    "MACRO_IoU": 0.7332427089370547,
    "MACRO_Precision": 0.8598165054717101,
    "MACRO_Recall": 0.8278756583727883,
    "MACRO_F1-score": 0.8421852898490354,
    "Accuracy": 0.8745421245421245
}