{
    "micro_IoU": 0.6894722144652332,
    "micro_Precision": 0.816198347107438,
    "micro_Recall": 0.816198347107438,
    "micro_F1-score": 0.816198347107438,
    "MACRO_IoU": 0.6672111353907534,
    "MACRO_Precision": 0.8335933088344168,
    "MACRO_Recall": 0.771466063663437,
    "MACRO_F1-score": 0.7972423526298171,
    "Accuracy": 0.816198347107438
}