{
    "1": {
        "train_loss": 2.5799567699432373,
        "train_accuracy": 20.022002200220022,
        "train_IoU": 0.0988974939069344,
        "val_accuracy": 22.697368421052634,
        "val_loss": 2.6538823445638022,
        "val_IoU": 0.07708643990813109
    },
    "2": {
        "train_loss": 2.1694157421588898,
        "train_accuracy": 43.34433443344334,
        "train_IoU": 0.1908523122343175,
        "val_accuracy": 39.80263157894737,
        "val_loss": 1.8622023264567058,
        "val_IoU": 0.12848362156533702
    },
    "3": {
        "train_loss": 1.965513288974762,
        "train_accuracy": 45.984598459845984,
        "train_IoU": 0.18354012621777446,
        "val_accuracy": 44.4078947368421,
        "val_loss": 1.523624857266744,
        "val_IoU": 0.1445563166582053
    },
    "4": {
        "train_loss": 1.7442761063575747,
        "train_accuracy": 44.66446644664467,
        "train_IoU": 0.1708102536711748,
        "val_accuracy": 43.42105263157895,
        "val_loss": 1.260026256243388,
        "val_IoU": 0.17740311059819067
    },
    "5": {
        "train_loss": 1.576055571436882,
        "train_accuracy": 46.20462046204621,
        "train_IoU": 0.1864578866117931,
        "val_accuracy": 42.43421052631579,
        "val_loss": 1.3950944741566975,
        "val_IoU": 0.2083065083065083
    },
    "6": {
        "train_loss": 1.4857182949781418,
        "train_accuracy": 45.87458745874587,
        "train_IoU": 0.18123127797411162,
        "val_accuracy": 43.42105263157895,
        "val_loss": 1.2594885031382244,
        "val_IoU": 0.1954113278167935
    },
    "7": {
        "train_loss": 1.4044789224863052,
        "train_accuracy": 47.63476347634763,
        "train_IoU": 0.1938080780965096,
        "val_accuracy": 47.69736842105263,
        "val_loss": 1.0957883596420288,
        "val_IoU": 0.20548960139952788
    },
    "8": {
        "train_loss": 1.2659505158662798,
        "train_accuracy": 48.07480748074807,
        "train_IoU": 0.19158963770334672,
        "val_accuracy": 40.460526315789465,
        "val_loss": 1.096704622109731,
        "val_IoU": 0.1351313855739505
    },
    "9": {
        "train_loss": 1.2378152459859848,
        "train_accuracy": 48.07480748074807,
        "train_IoU": 0.20614253073115243,
        "val_accuracy": 42.10526315789473,
        "val_loss": 1.1007728974024455,
        "val_IoU": 0.20600228927296596
    },
    "10": {
        "train_loss": 1.2469275891780853,
        "train_accuracy": 46.864686468646866,
        "train_IoU": 0.19772139954228724,
        "val_accuracy": 42.10526315789473,
        "val_loss": 1.094457467397054,
        "val_IoU": 0.22819114028951704
    },
    "11": {
        "train_loss": 1.161876454949379,
        "train_accuracy": 48.95489548954895,
        "train_IoU": 0.20833831225245375,
        "val_accuracy": 48.68421052631579,
        "val_loss": 1.0269667704900105,
        "val_IoU": 0.24444073083778964
    },
    "12": {
        "train_loss": 1.1018451303243637,
        "train_accuracy": 48.18481848184818,
        "train_IoU": 0.19732775672799663,
        "val_accuracy": 44.4078947368421,
        "val_loss": 1.0672333637873332,
        "val_IoU": 0.20007085445149753
    },
    "13": {
        "train_loss": 1.1443124413490295,
        "train_accuracy": 46.20462046204621,
        "train_IoU": 0.1835387727427317,
        "val_accuracy": 43.0921052631579,
        "val_loss": 1.0615593194961548,
        "val_IoU": 0.1975712219495091
    },
    "14": {
        "train_loss": 1.1148308143019674,
        "train_accuracy": 42.7942794279428,
        "train_IoU": 0.1606583534248033,
        "val_accuracy": 44.73684210526315,
        "val_loss": 1.0464115937550862,
        "val_IoU": 0.20457675282356474
    },
    "15": {
        "train_loss": 1.1057312041521072,
        "train_accuracy": 45.54455445544554,
        "train_IoU": 0.17455696480844232,
        "val_accuracy": 50.32894736842105,
        "val_loss": 0.9573912024497986,
        "val_IoU": 0.23463561776061775
    },
    "16": {
        "train_loss": 1.0279020369052887,
        "train_accuracy": 47.524752475247524,
        "train_IoU": 0.18473981632702757,
        "val_accuracy": 45.723684210526315,
        "val_loss": 0.9762968023618063,
        "val_IoU": 0.18663893320818242
    },
    "17": {
        "train_loss": 1.0220519304275513,
        "train_accuracy": 47.1947194719472,
        "train_IoU": 0.16789028848716986,
        "val_accuracy": 46.38157894736842,
        "val_loss": 1.0754884084065754,
        "val_IoU": 0.19597806130662201
    },
    "18": {
        "train_loss": 1.0361724346876144,
        "train_accuracy": 46.424642464246425,
        "train_IoU": 0.16734258332314633,
        "val_accuracy": 44.07894736842105,
        "val_loss": 1.1494421164194744,
        "val_IoU": 0.18752816459056543
    },
    "19": {
        "train_loss": 1.0616472736001015,
        "train_accuracy": 44.33443344334434,
        "train_IoU": 0.1496790155718944,
        "val_accuracy": 41.776315789473685,
        "val_loss": 1.0375145475069683,
        "val_IoU": 0.2028179751419198
    },
    "20": {
        "train_loss": 1.0875111818313599,
        "train_accuracy": 40.814081408140815,
        "train_IoU": 0.1694141767445535,
        "val_accuracy": 41.776315789473685,
        "val_loss": 1.0487361749013264,
        "val_IoU": 0.23476243542033015
    },
    "21": {
        "train_loss": 1.1122924759984016,
        "train_accuracy": 41.254125412541256,
        "train_IoU": 0.19134385116858227,
        "val_accuracy": 42.10526315789473,
        "val_loss": 1.0057019193967183,
        "val_IoU": 0.27244619861284813
    },
    "22": {
        "train_loss": 1.0296599641442299,
        "train_accuracy": 41.91419141914191,
        "train_IoU": 0.2213572711121452,
        "val_accuracy": 42.43421052631579,
        "val_loss": 0.9522120753924052,
        "val_IoU": 0.271734762552562
    },
    "23": {
        "train_loss": 1.141423538327217,
        "train_accuracy": 40.15401540154016,
        "train_IoU": 0.21731733095619188,
        "val_accuracy": 43.0921052631579,
        "val_loss": 0.9473455548286438,
        "val_IoU": 0.27285879521025397
    },
    "24": {
        "train_loss": 1.0435656011104584,
        "train_accuracy": 43.67436743674368,
        "train_IoU": 0.24642924205478542,
        "val_accuracy": 47.36842105263158,
        "val_loss": 0.8912341396013895,
        "val_IoU": 0.2825124940765007
    },
    "25": {
        "train_loss": 0.9887488633394241,
        "train_accuracy": 43.784378437843785,
        "train_IoU": 0.23066026662057146,
        "val_accuracy": 47.36842105263158,
        "val_loss": 0.9092744787534078,
        "val_IoU": 0.2586887648840045
    },
    "26": {
        "train_loss": 1.0558955892920494,
        "train_accuracy": 42.46424642464246,
        "train_IoU": 0.22002280518855205,
        "val_accuracy": 48.68421052631579,
        "val_loss": 0.845389703909556,
        "val_IoU": 0.28299793776625676
    },
    "27": {
        "train_loss": 0.9829614013433456,
        "train_accuracy": 45.65456545654566,
        "train_IoU": 0.23116131943763862,
        "val_accuracy": 52.63157894736843,
        "val_loss": 0.864491879940033,
        "val_IoU": 0.29932427516461124
    },
    "28": {
        "train_loss": 1.013653077185154,
        "train_accuracy": 46.75467546754676,
        "train_IoU": 0.22604655900599793,
        "val_accuracy": 51.973684210526315,
        "val_loss": 0.8886172970136007,
        "val_IoU": 0.2907510697494165
    }
}