{
    "1": {
        "train_loss": 2.764495015144348,
        "train_accuracy": 9.471365638766516,
        "train_IoU": 0.04824860455976851,
        "val_accuracy": 11.184210526315786,
        "val_loss": 2.794787565867106,
        "val_IoU": 0.05538068692797938
    },
    "2": {
        "train_loss": 2.4112589955329895,
        "train_accuracy": 32.15859030837004,
        "train_IoU": 0.15725869663612851,
        "val_accuracy": 33.223684210526315,
        "val_loss": 2.1244064966837564,
        "val_IoU": 0.11879439062070396
    },
    "3": {
        "train_loss": 2.204124480485916,
        "train_accuracy": 39.757709251101325,
        "train_IoU": 0.1803058114700068,
        "val_accuracy": 41.776315789473685,
        "val_loss": 1.6555887858072917,
        "val_IoU": 0.15985825412588073
    },
    "4": {
        "train_loss": 2.0199281126260757,
        "train_accuracy": 43.281938325991185,
        "train_IoU": 0.18986690687655425,
        "val_accuracy": 49.3421052631579,
        "val_loss": 1.3262139558792114,
        "val_IoU": 0.2081667472719877
    },
    "5": {
        "train_loss": 1.8920203298330307,
        "train_accuracy": 45.154185022026425,
        "train_IoU": 0.19513546788283934,
        "val_accuracy": 49.01315789473685,
        "val_loss": 1.332310954729716,
        "val_IoU": 0.22580441627088793
    },
    "6": {
        "train_loss": 1.7159614264965057,
        "train_accuracy": 44.82378854625551,
        "train_IoU": 0.1882780277125321,
        "val_accuracy": 48.68421052631579,
        "val_loss": 1.1940868695576985,
        "val_IoU": 0.23279328315826694
    },
    "7": {
        "train_loss": 1.6075015664100647,
        "train_accuracy": 45.70484581497798,
        "train_IoU": 0.1808977366890395,
        "val_accuracy": 42.43421052631579,
        "val_loss": 1.1874104738235474,
        "val_IoU": 0.1812324075078235
    },
    "8": {
        "train_loss": 1.4588315933942795,
        "train_accuracy": 45.154185022026425,
        "train_IoU": 0.18667041131886805,
        "val_accuracy": 45.39473684210527,
        "val_loss": 1.1032733122507732,
        "val_IoU": 0.2306524478489244
    },
    "9": {
        "train_loss": 1.428607627749443,
        "train_accuracy": 42.40088105726873,
        "train_IoU": 0.1714972953530689,
        "val_accuracy": 45.06578947368421,
        "val_loss": 1.1108187834421794,
        "val_IoU": 0.21386230196397954
    },
    "10": {
        "train_loss": 1.347825050354004,
        "train_accuracy": 46.035242290748904,
        "train_IoU": 0.18857758288671267,
        "val_accuracy": 48.026315789473685,
        "val_loss": 1.0573078393936157,
        "val_IoU": 0.21262867806430794
    }
}