{
    "1": {
        "train_loss": 2.7773170796307642,
        "train_accuracy": 23.12775330396476,
        "train_IoU": 0.025088044485634845,
        "val_accuracy": 24.422442244224417,
        "val_loss": 2.7327685952186584,
        "val_IoU": 0.04752123304634121
    },
    "2": {
        "train_loss": 2.082433716817336,
        "train_accuracy": 33.81057268722467,
        "train_IoU": 0.08600607132063166,
        "val_accuracy": 36.08360836083608,
        "val_loss": 1.9082018584012985,
        "val_IoU": 0.11941353710737479
    },
    "3": {
        "train_loss": 1.654118456623771,
        "train_accuracy": 42.62114537444934,
        "train_IoU": 0.1627780525243943,
        "val_accuracy": 47.30473047304731,
        "val_loss": 1.6140750646591187,
        "val_IoU": 0.1961594924373759
    },
    "4": {
        "train_loss": 1.3530644936995073,
        "train_accuracy": 53.34067547723935,
        "train_IoU": 0.22570919479600554,
        "val_accuracy": 53.135313531353134,
        "val_loss": 1.3411986976861954,
        "val_IoU": 0.29316290639141834
    },
    "5": {
        "train_loss": 1.1332799277522345,
        "train_accuracy": 60.27900146842878,
        "train_IoU": 0.30943420928562165,
        "val_accuracy": 58.96589658965896,
        "val_loss": 1.1255109906196594,
        "val_IoU": 0.33277649964111283
    },
    "6": {
        "train_loss": 0.9616121026602659,
        "train_accuracy": 65.41850220264317,
        "train_IoU": 0.4027331922804794,
        "val_accuracy": 63.6963696369637,
        "val_loss": 0.9721721485257149,
        "val_IoU": 0.3680790156468984
    },
    "7": {
        "train_loss": 0.8252127902074294,
        "train_accuracy": 68.5022026431718,
        "train_IoU": 0.43170122067006783,
        "val_accuracy": 65.12651265126512,
        "val_loss": 0.8484313488006593,
        "val_IoU": 0.37358298946392554
    },
    "8": {
        "train_loss": 0.7505676773461427,
        "train_accuracy": 70.41116005873715,
        "train_IoU": 0.4572056962484445,
        "val_accuracy": 66.44664466446645,
        "val_loss": 0.7868254408240318,
        "val_IoU": 0.3939028809740768
    },
    "9": {
        "train_loss": 0.659110646356236,
        "train_accuracy": 72.87077826725404,
        "train_IoU": 0.49450412466744115,
        "val_accuracy": 65.01650165016501,
        "val_loss": 0.7998807430267334,
        "val_IoU": 0.3711213390475551
    },
    "10": {
        "train_loss": 0.5982107669115067,
        "train_accuracy": 74.85315712187959,
        "train_IoU": 0.5012711033661525,
        "val_accuracy": 68.0968096809681,
        "val_loss": 0.6644177138805389,
        "val_IoU": 0.4178564462257472
    }
}