{
    "micro_IoU": 0.762468464971861,
    "micro_Precision": 0.8652279233648976,
    "micro_Recall": 0.8652279233648976,
    "micro_F1-score": 0.8652279233648976,
    "MACRO_IoU": 0.7488415640739485,
    "MACRO_Precision": 0.8438250349867694,
    "MACRO_Recall": 0.8705196157484116,
    "MACRO_F1-score": 0.854942518426739,
    "Accuracy": 0.8652279233648976
}