{
    "micro_IoU": 0.8120510774142059,
    "micro_Precision": 0.89627835278573,
    "micro_Recall": 0.89627835278573,
    "micro_F1-score": 0.89627835278573,
    "MACRO_IoU": 0.8055092473334117,
    "MACRO_Precision": 0.9037564210825835,
    "MACRO_Recall": 0.8797032797644265,
    "MACRO_F1-score": 0.8909970039079015,
    "Accuracy": 0.89627835278573
}