{
    "micro_IoU": 0.32865907099035935,
    "micro_Precision": 0.4947229551451187,
    "micro_Recall": 0.4947229551451187,
    "micro_F1-score": 0.4947229551451187,
    "MACRO_IoU": 0.2556516569593203,
    "MACRO_Precision": 0.4251629287626639,
    "MACRO_Recall": 0.38966400821137254,
    "MACRO_F1-score": 0.37990843105752903,
    "Accuracy": 0.4947229551451187
}