{
    "micro_IoU": 0.3870082342177493,
    "micro_Precision": 0.558047493403694,
    "micro_Recall": 0.558047493403694,
    "micro_F1-score": 0.558047493403694,
    "MACRO_IoU": 0.3147688814694846,
    "MACRO_Precision": 0.5145637036070145,
    "MACRO_Recall": 0.4526319101207559,
    "MACRO_F1-score": 0.4514653765474131,
    "Accuracy": 0.558047493403694
}