{
    "micro_IoU": 0.7677053824362606,
    "micro_Precision": 0.8685897435897436,
    "micro_Recall": 0.8685897435897436,
    "micro_F1-score": 0.8685897435897436,
    "MACRO_IoU": 0.7487911162158079,
    "MACRO_Precision": 0.8767591451919768,
    "MACRO_Recall": 0.8367468465459621,
    "MACRO_F1-score": 0.8540229089803629,
    "Accuracy": 0.8685897435897436
}