{
    "1": {
        "train_loss": 2.5281465998830255,
        "train_accuracy": 28.487518355359764,
        "train_IoU": 0.09489916471367547,
        "val_accuracy": 47.524752475247524,
        "val_loss": 1.4137900338361136,
        "val_IoU": 0.26172455243915355
    },
    "2": {
        "train_loss": 1.192169076545649,
        "train_accuracy": 49.522760646108665,
        "train_IoU": 0.2582033852087081,
        "val_accuracy": 57.425742574257434,
        "val_loss": 0.9668488008411307,
        "val_IoU": 0.33337075367070906
    },
    "3": {
        "train_loss": 0.9901459362800953,
        "train_accuracy": 53.67107195301028,
        "train_IoU": 0.31169623964031296,
        "val_accuracy": 57.425742574257434,
        "val_loss": 0.902187654846593,
        "val_IoU": 0.2998772774205002
    },
    "4": {
        "train_loss": 0.9263474167968732,
        "train_accuracy": 55.910425844346555,
        "train_IoU": 0.3444977207444013,
        "val_accuracy": 58.96589658965896,
        "val_loss": 0.8461316976892321,
        "val_IoU": 0.36823713688445886
    },
    "5": {
        "train_loss": 0.8656440526903462,
        "train_accuracy": 57.37885462555066,
        "train_IoU": 0.3837942526873864,
        "val_accuracy": 59.84598459845984,
        "val_loss": 0.8131330491680849,
        "val_IoU": 0.369566714449299
    },
    "6": {
        "train_loss": 0.8212216551608454,
        "train_accuracy": 59.94860499265786,
        "train_IoU": 0.3938578667301914,
        "val_accuracy": 63.6963696369637,
        "val_loss": 0.7373942505372195,
        "val_IoU": 0.43196977455041974
    },
    "7": {
        "train_loss": 0.7653684104066587,
        "train_accuracy": 60.90308370044053,
        "train_IoU": 0.4108159526845683,
        "val_accuracy": 62.37623762376238,
        "val_loss": 0.7344960829145032,
        "val_IoU": 0.37897692554976964
    },
    "8": {
        "train_loss": 0.7273467507393879,
        "train_accuracy": 62.07782672540382,
        "train_IoU": 0.429856494872051,
        "val_accuracy": 67.43674367436743,
        "val_loss": 0.7097779273202542,
        "val_IoU": 0.4571040416619495
    },
    "9": {
        "train_loss": 0.7348483190399958,
        "train_accuracy": 62.70190895741556,
        "train_IoU": 0.42878212320681014,
        "val_accuracy": 63.03630363036304,
        "val_loss": 0.6730393869312186,
        "val_IoU": 0.39847753593992435
    },
    "10": {
        "train_loss": 0.6706857064221925,
        "train_accuracy": 64.94126284875183,
        "train_IoU": 0.4709466924599752,
        "val_accuracy": 66.8866886688669,
        "val_loss": 0.6639015905951199,
        "val_IoU": 0.4566376847610476
    },
    "11": {
        "train_loss": 0.6372635585095915,
        "train_accuracy": 66.59324522760646,
        "train_IoU": 0.4880936229874439,
        "val_accuracy": 66.11661166116612,
        "val_loss": 0.6742507031089384,
        "val_IoU": 0.4535085483860786
    },
    "12": {
        "train_loss": 0.6161021712330472,
        "train_accuracy": 68.3920704845815,
        "train_IoU": 0.5293820184403221,
        "val_accuracy": 68.0968096809681,
        "val_loss": 0.6186882684889591,
        "val_IoU": 0.4481699412023802
    },
    "13": {
        "train_loss": 0.6126350072512013,
        "train_accuracy": 66.66666666666667,
        "train_IoU": 0.498013476983596,
        "val_accuracy": 68.2068206820682,
        "val_loss": 0.5900675630883163,
        "val_IoU": 0.42778262355455576
    },
    "14": {
        "train_loss": 0.5856406548212282,
        "train_accuracy": 69.34654919236417,
        "train_IoU": 0.5326739663511956,
        "val_accuracy": 68.86688668866887,
        "val_loss": 0.5739104979132351,
        "val_IoU": 0.4818333495004365
    },
    "15": {
        "train_loss": 0.5581131307038966,
        "train_accuracy": 69.8237885462555,
        "train_IoU": 0.5346572426951596,
        "val_accuracy": 70.18701870187019,
        "val_loss": 0.5644066274950379,
        "val_IoU": 0.4675260525666205
    },
    "16": {
        "train_loss": 0.5313931881462427,
        "train_accuracy": 70.70484581497797,
        "train_IoU": 0.5546678571549293,
        "val_accuracy": 69.96699669966998,
        "val_loss": 0.5667273010078228,
        "val_IoU": 0.4841366175304072
    },
    "17": {
        "train_loss": 0.5258856331724426,
        "train_accuracy": 71.071953010279,
        "train_IoU": 0.5369444185310842,
        "val_accuracy": 68.75687568756877,
        "val_loss": 0.5643357732578328,
        "val_IoU": 0.47069320936316006
    },
    "18": {
        "train_loss": 0.49047451889724986,
        "train_accuracy": 72.87077826725404,
        "train_IoU": 0.5750110088616109,
        "val_accuracy": 74.25742574257426,
        "val_loss": 0.4684645662966527,
        "val_IoU": 0.5341399940033357
    },
    "19": {
        "train_loss": 0.46054847400619076,
        "train_accuracy": 74.11894273127753,
        "train_IoU": 0.5862204652756986,
        "val_accuracy": 73.48734873487348,
        "val_loss": 0.47664977159155036,
        "val_IoU": 0.5322237870210078
    },
    "20": {
        "train_loss": 0.4554561109401057,
        "train_accuracy": 75.0367107195301,
        "train_IoU": 0.6048987120531143,
        "val_accuracy": 75.7975797579758,
        "val_loss": 0.4458342655316779,
        "val_IoU": 0.5729867176171024
    },
    "21": {
        "train_loss": 0.45743943045186586,
        "train_accuracy": 74.44933920704845,
        "train_IoU": 0.5998623169780859,
        "val_accuracy": 76.89768976897689,
        "val_loss": 0.45354016242842926,
        "val_IoU": 0.5168931155671853
    },
    "22": {
        "train_loss": 0.42400896713334557,
        "train_accuracy": 76.46842878120411,
        "train_IoU": 0.632213954986812,
        "val_accuracy": 75.35753575357535,
        "val_loss": 0.44178674124965533,
        "val_IoU": 0.5227600587885843
    },
    "23": {
        "train_loss": 0.41875986919003955,
        "train_accuracy": 76.94566813509545,
        "train_IoU": 0.6392418089524687,
        "val_accuracy": 77.00770077007701,
        "val_loss": 0.430015230453328,
        "val_IoU": 0.579676933116899
    },
    "24": {
        "train_loss": 0.40129661343433787,
        "train_accuracy": 76.54185022026432,
        "train_IoU": 0.6439407526592027,
        "val_accuracy": 76.23762376237624,
        "val_loss": 0.44038118657312886,
        "val_IoU": 0.599830552824183
    },
    "25": {
        "train_loss": 0.3635055334491877,
        "train_accuracy": 79.1483113069016,
        "train_IoU": 0.6918304294124673,
        "val_accuracy": 66.996699669967,
        "val_loss": 0.5812823082271377,
        "val_IoU": 0.49155596120453116
    },
    "26": {
        "train_loss": 0.3532485404269285,
        "train_accuracy": 80.32305433186491,
        "train_IoU": 0.7033228310455553,
        "val_accuracy": 76.89768976897689,
        "val_loss": 0.3747069070017651,
        "val_IoU": 0.5945984896442895
    },
    "27": {
        "train_loss": 0.35335807348006604,
        "train_accuracy": 79.99265785609397,
        "train_IoU": 0.6823632427863692,
        "val_accuracy": 78.65786578657865,
        "val_loss": 0.3968351171597055,
        "val_IoU": 0.605639367063144
    },
    "28": {
        "train_loss": 0.3641522547418852,
        "train_accuracy": 79.44199706314244,
        "train_IoU": 0.6873520729046335,
        "val_accuracy": 76.45764576457645,
        "val_loss": 0.42760285333191084,
        "val_IoU": 0.638168361449088
    },
    "29": {
        "train_loss": 0.34857145427738534,
        "train_accuracy": 80.02936857562408,
        "train_IoU": 0.6691599905325336,
        "val_accuracy": 77.22772277227723,
        "val_loss": 0.42034113701236864,
        "val_IoU": 0.6167482959193694
    },
    "30": {
        "train_loss": 0.3073375873956912,
        "train_accuracy": 81.27753303964758,
        "train_IoU": 0.7317934562520875,
        "val_accuracy": 79.97799779977997,
        "val_loss": 0.3616861297601932,