{
    "1": {
        "train_loss": 2.3145935372872786,
        "train_accuracy": 34.65491923641704,
        "train_IoU": 0.14839541455187785,
        "val_accuracy": 44.004400440044,
        "val_loss": 2.117639511823654,
        "val_IoU": 0.19817185702622536
    },
    "2": {
        "train_loss": 1.7686311385848303,
        "train_accuracy": 48.972099853157125,
        "train_IoU": 0.2243842407763251,
        "val_accuracy": 50.27502750275028,
        "val_loss": 1.4839335232973099,
        "val_IoU": 0.2291131845976313
    },
    "3": {
        "train_loss": 1.4312066273255781,
        "train_accuracy": 54.22173274596182,
        "train_IoU": 0.26516319991713017,
        "val_accuracy": 56.215621562156215,
        "val_loss": 1.2978357672691345,
        "val_IoU": 0.28104995149359663
    },
    "4": {
        "train_loss": 1.1773213798349553,
        "train_accuracy": 59.471365638766514,
        "train_IoU": 0.3133271951810593,
        "val_accuracy": 61.4961496149615,
        "val_loss": 1.0626554861664772,
        "val_IoU": 0.33403516220508006
    },
    "5": {
        "train_loss": 0.9969652051275426,
        "train_accuracy": 62.84875183553598,
        "train_IoU": 0.34448008645572153,
        "val_accuracy": 64.6864686468647,
        "val_loss": 0.9398986250162125,
        "val_IoU": 0.3697943613664357
    },
    "6": {
        "train_loss": 0.8815741539001465,
        "train_accuracy": 64.17033773861968,
        "train_IoU": 0.36216473340546923,
        "val_accuracy": 67.76677667766778,
        "val_loss": 0.797391265630722,
        "val_IoU": 0.4350030335222838
    },
    "7": {
        "train_loss": 0.7510547041893004,
        "train_accuracy": 69.7136563876652,
        "train_IoU": 0.4427568428266557,
        "val_accuracy": 66.8866886688669,
        "val_loss": 0.7559899985790253,
        "val_IoU": 0.4241596517448464
    },
    "8": {
        "train_loss": 0.6761354289271614,
        "train_accuracy": 71.65932452276064,
        "train_IoU": 0.476662023479724,
        "val_accuracy": 68.64686468646865,
        "val_loss": 0.6637985110282899,
        "val_IoU": 0.43909348421423
    },
    "9": {
        "train_loss": 0.6064442016861656,
        "train_accuracy": 74.15565345080763,
        "train_IoU": 0.5040390418814648,
        "val_accuracy": 71.28712871287128,
        "val_loss": 0.6455372050404549,
        "val_IoU": 0.46147650182288236
    },
    "10": {
        "train_loss": 0.546931341290474,
        "train_accuracy": 75.95447870778267,
        "train_IoU": 0.5290115200341509,
        "val_accuracy": 69.52695269526953,
        "val_loss": 0.7383629605174065,
        "val_IoU": 0.44690698663538114
    },
    "11": {
        "train_loss": 0.5222623185677963,
        "train_accuracy": 76.5051395007342,
        "train_IoU": 0.5449800692221822,
        "val_accuracy": 71.3971397139714,
        "val_loss": 0.5867240242660046,
        "val_IoU": 0.4536534798754295
    },
    "12": {
        "train_loss": 0.4758770980618216,
        "train_accuracy": 77.7533039647577,
        "train_IoU": 0.5588938629719671,
        "val_accuracy": 72.60726072607261,
        "val_loss": 0.5508596282452345,
        "val_IoU": 0.47501739089752437
    },
    "13": {
        "train_loss": 0.43051816929470416,
        "train_accuracy": 79.99265785609397,
        "train_IoU": 0.5821342734384358,
        "val_accuracy": 70.62706270627062,
        "val_loss": 0.652408167719841,
        "val_IoU": 0.46558087539287996
    },
    "14": {
        "train_loss": 0.41093687848611316,
        "train_accuracy": 80.1762114537445,
        "train_IoU": 0.5995735502163555,
        "val_accuracy": 73.26732673267327,
        "val_loss": 0.573344774544239,
        "val_IoU": 0.49420544351831047
    },
    "15": {
        "train_loss": 0.3860330256548795,
        "train_accuracy": 81.09397944199706,
        "train_IoU": 0.6086208373628458,
        "val_accuracy": 73.04730473047304,
        "val_loss": 0.5362015664577484,
        "val_IoU": 0.4851049062316103
    },
    "16": {
        "train_loss": 0.3540797369046645,
        "train_accuracy": 82.30543318649046,
        "train_IoU": 0.6317873036897587,
        "val_accuracy": 74.47744774477447,
        "val_loss": 0.592417947947979,
        "val_IoU": 0.5106179363717231
    },
    "17": {
        "train_loss": 0.34094621986150736,
        "train_accuracy": 82.63582966226139,
        "train_IoU": 0.6286509384675987,
        "val_accuracy": 74.36743674367436,
        "val_loss": 0.5629512667655945,
        "val_IoU": 0.5154454260933813
    },
    "18": {
        "train_loss": 0.3431802798401225,
        "train_accuracy": 82.96622613803231,
        "train_IoU": 0.6368715190414088,
        "val_accuracy": 76.01760176017602,
        "val_loss": 0.4587882496416569,
        "val_IoU": 0.5283937913863229
    },
    "19": {
        "train_loss": 0.3092249144207347,
        "train_accuracy": 83.88399412628488,
        "train_IoU": 0.6524930043311151,
        "val_accuracy": 75.35753575357535,
        "val_loss": 0.5041294954717158,
        "val_IoU": 0.5133914795520769
    },
    "20": {
        "train_loss": 0.30557123774831946,
        "train_accuracy": 83.92070484581498,
        "train_IoU": 0.6505292006580218,
        "val_accuracy": 77.44774477447744,
        "val_loss": 0.46980346366763115,
        "val_IoU": 0.548191606802241
    },
    "21": {
        "train_loss": 0.26164796338839963,
        "train_accuracy": 86.16005873715125,
        "train_IoU": 0.6867839752449957,
        "val_accuracy": 77.22772277227723,
        "val_loss": 0.4733061455190182,
        "val_IoU": 0.5504537647555088
    },
    "22": {
        "train_loss": 0.2616650157354095,
        "train_accuracy": 85.79295154185023,
        "train_IoU": 0.6723050950654618,
        "val_accuracy": 77.44774477447744,
        "val_loss": 0.5094230845570564,
        "val_IoU": 0.5464801515013171
    },
    "23": {
        "train_loss": 0.2317584929141131,
        "train_accuracy": 88.50954478707781,
        "train_IoU": 0.7263151187743015,
        "val_accuracy": 79.42794279427943,
        "val_loss": 0.442302580922842,
        "val_IoU": 0.5678416978567212
    },
    "24": {
        "train_loss": 0.2161665308204564,
        "train_accuracy": 89.09691629955947,
        "train_IoU": 0.7251356311601729,
        "val_accuracy": 78.76787678767877,
        "val_loss": 0.42253061942756176,
        "val_IoU": 0.5801561146771653
    },
    "25": {
        "train_loss": 0.2023677433078939,
        "train_accuracy": 89.13362701908957,
        "train_IoU": 0.7330529067879711,
        "val_accuracy": 80.63806380638063,
        "val_loss": 0.4152256585657596,
        "val_IoU": 0.5860745101382262
    },
    "26": {
        "train_loss": 0.22523090141740712,
        "train_accuracy": 87.18795888399413,
        "train_IoU": 0.6903871432598016,
        "val_accuracy": 78.87788778877888,
        "val_loss": 0.4465006999671459,
        "val_IoU": 0.5541542944786237
    },
    "27": {
        "train_loss": 0.21330054646188565,
        "train_accuracy": 88.1791483113069,
        "train_IoU": 0.7046044176676762,
        "val_accuracy": 81.4081408140814,
        "val_loss": 0.451817087829113,
        "val_IoU": 0.5905353385661333
    },
    "28": {
        "train_loss": 0.1868874593214555,
        "train_accuracy": 89.68428781204112,
        "train_IoU": 0.7401189241328205,
        "val_accuracy": 81.84818481848185,
        "val_loss": 0.3964358679950237,
        "val_IoU": 0.5961582489886865
    },
    "29": {
        "train_loss": 0.16976944932883437,
        "train_accuracy": 91.22613803230544,
        "train_IoU": 0.7629176040467326,
        "val_accuracy": 81.51815181518151,
        "val_loss": 0.4082842506468296,
        "val_IoU": 0.6054030519819779
    },
    "30": {
        "train_loss": 0.1631361080164259,
        "train_accuracy": 91.22613803230544,
        "train_IoU": 0.7716504835146574,
        "val_accuracy": 82.28822882288229,
        "val_loss": 0.37798328697681427,