{
    "1": {
        "train_loss": 2.650784820318222,
        "train_accuracy": 15.859030837004406,
        "train_IoU": 0.08234500482046883,
        "val_accuracy": 19.407894736842103,
        "val_loss": 2.712732712427775,
        "val_IoU": 0.07294951763140385
    },
    "2": {
        "train_loss": 2.2761864662170415,
        "train_accuracy": 36.12334801762115,
        "train_IoU": 0.16040763111431747,
        "val_accuracy": 36.51315789473685,
        "val_loss": 2.1466468969980874,
        "val_IoU": 0.1355392156862745
    },
    "3": {
        "train_loss": 2.080205246806145,
        "train_accuracy": 40.528634361233486,
        "train_IoU": 0.1611136233736602,
        "val_accuracy": 35.85526315789473,
        "val_loss": 1.737506588300069,
        "val_IoU": 0.1497688583826816
    },
    "4": {
        "train_loss": 1.9353765398263931,
        "train_accuracy": 41.629955947136565,
        "train_IoU": 0.16126653721191614,
        "val_accuracy": 45.39473684210527,
        "val_loss": 1.4542592366536458,
        "val_IoU": 0.18174039489254495
    },
    "5": {
        "train_loss": 1.7414762079715729,
        "train_accuracy": 42.51101321585903,
        "train_IoU": 0.16462251365287286,
        "val_accuracy": 30.263157894736846,
        "val_loss": 1.7450642983118694,
        "val_IoU": 0.1102624543957091
    },
    "6": {
        "train_loss": 1.6735808551311493,
        "train_accuracy": 42.0704845814978,
        "train_IoU": 0.1577083623107854,
        "val_accuracy": 43.42105263157895,
        "val_loss": 1.4280987580617268,
        "val_IoU": 0.19593788957715252
    },
    "7": {
        "train_loss": 1.5436740815639496,
        "train_accuracy": 40.859030837004404,
        "train_IoU": 0.15437851927661927,
        "val_accuracy": 38.1578947368421,
        "val_loss": 1.4033640225728352,
        "val_IoU": 0.140125230198955
    },
    "8": {
        "train_loss": 1.5592169910669327,
        "train_accuracy": 43.06167400881057,
        "train_IoU": 0.178542045759069,
        "val_accuracy": 45.39473684210527,
        "val_loss": 1.2386651039123535,
        "val_IoU": 0.21311081557653974
    },
    "9": {
        "train_loss": 1.4268185943365097,
        "train_accuracy": 42.84140969162996,
        "train_IoU": 0.1859528242635608,
        "val_accuracy": 48.35526315789473,
        "val_loss": 1.0685800313949585,
        "val_IoU": 0.2227423884714923
    },
    "10": {
        "train_loss": 1.3708007484674456,
        "train_accuracy": 44.82378854625551,
        "train_IoU": 0.1834684036286971,
        "val_accuracy": 45.06578947368421,
        "val_loss": 1.1527580817540486,
        "val_IoU": 0.17863209513054235
    },
    "11": {
        "train_loss": 1.3418217450380325,
        "train_accuracy": 46.14537444933921,
        "train_IoU": 0.18067160084485226,
        "val_accuracy": 41.776315789473685,
        "val_loss": 1.2321963707605998,
        "val_IoU": 0.15700374805228912
    },
    "12": {
        "train_loss": 1.2253507748246193,
        "train_accuracy": 45.04405286343612,
        "train_IoU": 0.16538973857955186,
        "val_accuracy": 48.35526315789473,
        "val_loss": 1.072177767753601,
        "val_IoU": 0.17972981388562684
    },
    "13": {
        "train_loss": 1.1847180128097534,
        "train_accuracy": 46.69603524229075,
        "train_IoU": 0.17189671837913045,
        "val_accuracy": 50.32894736842105,
        "val_loss": 1.0139145652453105,
        "val_IoU": 0.22206947326260038
    },
    "14": {
        "train_loss": 1.230092599987984,
        "train_accuracy": 46.80616740088106,
        "train_IoU": 0.16411626284347455,
        "val_accuracy": 46.38157894736842,
        "val_loss": 1.1354015469551086,
        "val_IoU": 0.19305266094059198
    },
    "15": {
        "train_loss": 1.1431875675916672,
        "train_accuracy": 45.59471365638766,
        "train_IoU": 0.15688164464673118,
        "val_accuracy": 48.68421052631579,
        "val_loss": 1.0534266432126362,
        "val_IoU": 0.21409941415590625
    },
    "16": {
        "train_loss": 1.1265693083405495,
        "train_accuracy": 45.925110132158586,
        "train_IoU": 0.16868023146179398,
        "val_accuracy": 51.64473684210527,
        "val_loss": 1.0531273484230042,
        "val_IoU": 0.24963904317201627
    },
    "17": {
        "train_loss": 1.216050773859024,
        "train_accuracy": 47.02643171806168,
        "train_IoU": 0.1971661385029041,
        "val_accuracy": 54.60526315789473,
        "val_loss": 0.9564469456672668,
        "val_IoU": 0.28167400287936006
    },
    "18": {
        "train_loss": 1.1502456963062286,
        "train_accuracy": 47.68722466960352,
        "train_IoU": 0.21324291417222266,
        "val_accuracy": 54.60526315789473,
        "val_loss": 0.9553961952527364,
        "val_IoU": 0.2951805808555953
    },
    "19": {
        "train_loss": 1.165867656469345,
        "train_accuracy": 51.21145374449338,
        "train_IoU": 0.24291537186649814,
        "val_accuracy": 55.263157894736835,
        "val_loss": 0.9371791283289591,
        "val_IoU": 0.2904558808258998
    },
    "20": {
        "train_loss": 1.1243573427200317,
        "train_accuracy": 48.568281938325995,
        "train_IoU": 0.23210611327701558,
        "val_accuracy": 54.934210526315795,
        "val_loss": 0.9025917847951254,
        "val_IoU": 0.30357497477199596
    },
    "21": {
        "train_loss": 1.1403999477624893,
        "train_accuracy": 45.48458149779736,
        "train_IoU": 0.21109946535096596,
        "val_accuracy": 54.60526315789473,
        "val_loss": 0.8978983759880066,
        "val_IoU": 0.29949777641382397
    },
    "22": {
        "train_loss": 1.1251529902219772,
        "train_accuracy": 44.603524229074885,
        "train_IoU": 0.21146552425843992,
        "val_accuracy": 56.25,
        "val_loss": 0.862064520517985,
        "val_IoU": 0.2970582155014438
    },
    "23": {
        "train_loss": 1.0943985283374786,
        "train_accuracy": 44.49339207048458,
        "train_IoU": 0.21330168097754318,
        "val_accuracy": 55.263157894736835,
        "val_loss": 0.9236436088879904,
        "val_IoU": 0.28931016268201143
    },
    "24": {
        "train_loss": 1.0820323675870895,
        "train_accuracy": 44.38325991189427,
        "train_IoU": 0.21316402033904025,
        "val_accuracy": 55.92105263157895,
        "val_loss": 0.8888935049374899,
        "val_IoU": 0.29132774043178405
    },
    "25": {
        "train_loss": 1.0236884653568268,
        "train_accuracy": 47.907488986784145,
        "train_IoU": 0.2296239656513223,
        "val_accuracy": 56.25,
        "val_loss": 0.9092138608296713,
        "val_IoU": 0.29839698364994677
    },
    "26": {
        "train_loss": 1.0484181642532349,
        "train_accuracy": 50.440528634361236,
        "train_IoU": 0.24840557658400206,
        "val_accuracy": 56.25,
        "val_loss": 0.8616801500320435,
        "val_IoU": 0.3227398599276944
    },
    "27": {
        "train_loss": 0.9676576703786851,
        "train_accuracy": 52.973568281938334,
        "train_IoU": 0.27152194156121484,
        "val_accuracy": 56.57894736842105,
        "val_loss": 0.8523982365926107,
        "val_IoU": 0.3490886610972012
    },
    "28": {
        "train_loss": 1.0218434408307076,
        "train_accuracy": 53.303964757709245,
        "train_IoU": 0.28759950971626363,
        "val_accuracy": 54.60526315789473,
        "val_loss": 0.8974548776944479,
        "val_IoU": 0.3273366388771201
    }
}