{
    "micro_IoU": 0.7818324504610555,
    "micro_Precision": 0.8775600088086325,
    "micro_Recall": 0.8775600088086325,
    "micro_F1-score": 0.8775600088086325,
    "MACRO_IoU": 0.7892123720688046,
    "MACRO_Precision": 0.8812134146100982,
    "MACRO_Recall": 0.877540985047281,
    "MACRO_F1-score": 0.8790318856532148,
    "Accuracy": 0.8775600088086325
}