{
    "micro_IoU": 0.9003322259136213,
    "micro_Precision": 0.9475524475524476,
    "micro_Recall": 0.9475524475524476,
    "micro_F1-score": 0.9475524475524476,
    "MACRO_IoU": 0.875265889859691,
    "MACRO_Precision": 0.9407694879583268,
    "MACRO_Recall": 0.926793271090532,
    "MACRO_F1-score": 0.9320972886428761,
    "Accuracy": 0.9475524475524476
}