{
    "micro_IoU": 0.7786917352134743,
    "micro_Precision": 0.8755780665051751,
    "micro_Recall": 0.8755780665051751,
    "micro_F1-score": 0.8755780665051751,
    "MACRO_IoU": 0.7831264977119494,
    "MACRO_Precision": 0.8755522988725072,
    "MACRO_Recall": 0.8737710589189689,
    "MACRO_F1-score": 0.8745133516684702,
    "Accuracy": 0.8755780665051751
}