{
    "micro_IoU": 0.8871725990597716,
    "micro_Precision": 0.9402135231316726,
    "micro_Recall": 0.9402135231316726,
    "micro_F1-score": 0.9402135231316726,
    "MACRO_IoU": 0.8549820139625837,
    "MACRO_Precision": 0.9292393511696183,
    "MACRO_Recall": 0.9115237759444289,
    "MACRO_F1-score": 0.9196910560153613,
    "Accuracy": 0.9402135231316726
}